beneficiary_id,name,age,gender,state,program,category,enrollment_date,completion_status,satisfaction_score
BEN0001,Beneficiary 1,23,Male,Maharashtra,Digital Literacy Drive,Education,2025-03-01,Enrolled,4.8
BEN0002,Beneficiary 2,13,Female,Jharkhand,Internship Programme,Education,2024-12-01,Completed,3.0
BEN0003,Beneficiary 3,24,Female,Gujarat,Aarogya Seva,Health,2024-08-01,Enrolled,4.6
BEN0004,Beneficiary 4,25,Female,Rajasthan,Paryavaran Raksha,Environment,2024-11-01,Completed,3.2
BEN0005,Beneficiary 5,25,Male,Uttar Pradesh,Digital Literacy Drive,Education,2024-05-01,Completed,4.6
BEN0006,Beneficiary 6,28,Male,Uttar Pradesh,Shiksha Daan,Education,2024-09-01,Enrolled,4.2
BEN0007,Beneficiary 7,27,Male,Uttar Pradesh,Nari Shakti,Livelihood,2024-06-01,Completed,4.7
BEN0008,Beneficiary 8,24,Male,Haryana,Paryavaran Raksha,Environment,2025-03-01,Completed,3.2
BEN0009,Beneficiary 9,21,Male,Rajasthan,Nari Shakti,Livelihood,2025-03-01,Enrolled,4.1
BEN0010,Beneficiary 10,12,Female,Madhya Pradesh,Skill Development,Livelihood,2025-01-01,Dropped,4.0
BEN0011,Beneficiary 11,24,Female,Uttar Pradesh,Digital Literacy Drive,Education,2024-08-01,Dropped,4.4
BEN0012,Beneficiary 12,23,Male,Jharkhand,Aarogya Seva,Health,2025-03-01,Completed,4.1
BEN0013,Beneficiary 13,23,Male,West Bengal,Nari Shakti,Livelihood,2024-11-01,Enrolled,4.1
BEN0014,Beneficiary 14,14,Male,Delhi NCR,Paryavaran Raksha,Environment,2025-01-01,Completed,3.9
BEN0015,Beneficiary 15,15,Female,Uttar Pradesh,Shiksha Daan,Education,2024-04-01,Completed,3.6
BEN0016,Beneficiary 16,28,Female,Uttar Pradesh,Shiksha Daan,Education,2024-08-01,Enrolled,4.0
BEN0017,Beneficiary 17,21,Female,Delhi NCR,Aarogya Seva,Health,2024-06-01,Completed,3.2
BEN0018,Beneficiary 18,26,Female,Bihar,Paryavaran Raksha,Environment,2024-07-01,Completed,4.9
BEN0019,Beneficiary 19,22,Other,Maharashtra,Poshan Abhiyan,Health,2024-05-01,Completed,4.4
BEN0020,Beneficiary 20,22,Female,Delhi NCR,Shiksha Daan,Education,2024-12-01,Enrolled,4.9
BEN0021,Beneficiary 21,27,Male,Rajasthan,Digital Literacy Drive,Education,2024-06-01,Completed,3.5
BEN0022,Beneficiary 22,18,Female,Uttar Pradesh,Aarogya Seva,Health,2024-05-01,Dropped,4.8
BEN0023,Beneficiary 23,22,Male,Delhi NCR,Poshan Abhiyan,Health,2025-01-01,Enrolled,4.6
BEN0024,Beneficiary 24,19,Female,Maharashtra,Paryavaran Raksha,Environment,2025-02-01,Completed,4.4
BEN0025,Beneficiary 25,19,Male,Maharashtra,Paryavaran Raksha,Environment,2024-12-01,Dropped,4.3
BEN0026,Beneficiary 26,20,Female,Gujarat,Internship Programme,Education,2024-10-01,Completed,3.6
BEN0027,Beneficiary 27,23,Female,Uttar Pradesh,Aarogya Seva,Health,2024-09-01,Enrolled,4.6
BEN0028,Beneficiary 28,19,Female,Bihar,Aarogya Seva,Health,2024-04-01,Completed,4.0
BEN0029,Beneficiary 29,29,Female,Rajasthan,Shiksha Daan,Education,2024-08-01,Completed,3.1
BEN0030,Beneficiary 30,16,Male,Uttar Pradesh,Paryavaran Raksha,Environment,2025-03-01,Completed,3.6
BEN0031,Beneficiary 31,20,Male,Rajasthan,Paryavaran Raksha,Environment,2025-02-01,Completed,4.9
BEN0032,Beneficiary 32,19,Male,Uttar Pradesh,Poshan Abhiyan,Health,2025-02-01,Dropped,4.7
BEN0033,Beneficiary 33,30,Male,Uttar Pradesh,Poshan Abhiyan,Health,2024-06-01,Enrolled,5.0
BEN0034,Beneficiary 34,23,Female,Jharkhand,Internship Programme,Education,2024-04-01,Enrolled,4.3
BEN0035,Beneficiary 35,28,Male,Jharkhand,Skill Development,Livelihood,2024-07-01,Completed,3.5
BEN0036,Beneficiary 36,13,Female,West Bengal,Nari Shakti,Livelihood,2024-05-01,Enrolled,3.3
BEN0037,Beneficiary 37,23,Female,Delhi NCR,Paryavaran Raksha,Environment,2024-05-01,Enrolled,3.4
BEN0038,Beneficiary 38,27,Female,Uttar Pradesh,Shiksha Daan,Education,2024-06-01,Enrolled,3.0
BEN0039,Beneficiary 39,22,Male,Madhya Pradesh,Internship Programme,Education,2024-11-01,Enrolled,3.8
BEN0040,Beneficiary 40,28,Female,Maharashtra,Shiksha Daan,Education,2024-11-01,Enrolled,3.4
BEN0041,Beneficiary 41,18,Female,Uttar Pradesh,Nari Shakti,Livelihood,2025-03-01,Dropped,3.8
BEN0042,Beneficiary 42,30,Female,Bihar,Digital Literacy Drive,Education,2024-10-01,Enrolled,4.9
BEN0043,Beneficiary 43,35,Female,Uttar Pradesh,Shiksha Daan,Education,2024-09-01,Completed,3.9
BEN0044,Beneficiary 44,19,Female,Punjab,Digital Literacy Drive,Education,2024-12-01,Completed,4.8
BEN0045,Beneficiary 45,19,Male,Delhi NCR,Digital Literacy Drive,Education,2024-07-01,Dropped,4.2
BEN0046,Beneficiary 46,30,Female,Madhya Pradesh,Aarogya Seva,Health,2025-03-01,Enrolled,3.5
BEN0047,Beneficiary 47,31,Male,Delhi NCR,Shiksha Daan,Education,2024-04-01,Dropped,3.7
BEN0048,Beneficiary 48,18,Male,Bihar,Digital Literacy Drive,Education,2024-11-01,Completed,3.2
BEN0049,Beneficiary 49,19,Male,Bihar,Internship Programme,Education,2024-10-01,Completed,3.7
BEN0050,Beneficiary 50,20,Male,Uttar Pradesh,Skill Development,Livelihood,2024-10-01,Completed,4.4
BEN0051,Beneficiary 51,13,Male,Jharkhand,Internship Programme,Education,2024-06-01,Completed,3.1
BEN0052,Beneficiary 52,16,Male,Gujarat,Paryavaran Raksha,Environment,2024-07-01,Enrolled,3.4
BEN0053,Beneficiary 53,15,Female,Punjab,Internship Programme,Education,2025-01-01,Completed,3.8
BEN0054,Beneficiary 54,17,Female,Haryana,Internship Programme,Education,2024-12-01,Completed,5.0
BEN0055,Beneficiary 55,21,Female,Rajasthan,Paryavaran Raksha,Environment,2024-09-01,Completed,4.6
BEN0056,Beneficiary 56,23,Male,Punjab,Aarogya Seva,Health,2024-08-01,Dropped,4.5
BEN0057,Beneficiary 57,31,Male,Uttar Pradesh,Shiksha Daan,Education,2024-06-01,Enrolled,3.2
BEN0058,Beneficiary 58,16,Female,Uttar Pradesh,Shiksha Daan,Education,2024-12-01,Dropped,4.6
BEN0059,Beneficiary 59,27,Male,Uttar Pradesh,Skill Development,Livelihood,2024-08-01,Enrolled,4.6
BEN0060,Beneficiary 60,20,Male,Delhi NCR,Digital Literacy Drive,Education,2024-08-01,Enrolled,4.2
BEN0061,Beneficiary 61,21,Female,Maharashtra,Digital Literacy Drive,Education,2024-07-01,Enrolled,5.0
BEN0062,Beneficiary 62,26,Male,Delhi NCR,Shiksha Daan,Education,2024-07-01,Enrolled,3.7
BEN0063,Beneficiary 63,15,Female,West Bengal,Shiksha Daan,Education,2025-03-01,Completed,4.9
BEN0064,Beneficiary 64,24,Female,Maharashtra,Shiksha Daan,Education,2024-04-01,Enrolled,4.8
BEN0065,Beneficiary 65,22,Male,Delhi NCR,Aarogya Seva,Health,2024-10-01,Enrolled,3.0
BEN0066,Beneficiary 66,24,Male,Bihar,Internship Programme,Education,2024-12-01,Dropped,3.9
BEN0067,Beneficiary 67,23,Female,Uttar Pradesh,Aarogya Seva,Health,2024-06-01,Completed,5.0
BEN0068,Beneficiary 68,36,Male,West Bengal,Internship Programme,Education,2025-03-01,Completed,3.2
BEN0069,Beneficiary 69,18,Male,Uttar Pradesh,Nari Shakti,Livelihood,2024-05-01,Dropped,4.1
BEN0070,Beneficiary 70,18,Other,Odisha,Aarogya Seva,Health,2024-06-01,Completed,5.0
BEN0071,Beneficiary 71,18,Male,Gujarat,Internship Programme,Education,2024-04-01,Enrolled,4.1
BEN0072,Beneficiary 72,18,Female,Uttar Pradesh,Skill Development,Livelihood,2024-09-01,Enrolled,3.4
BEN0073,Beneficiary 73,18,Other,Uttar Pradesh,Aarogya Seva,Health,2025-02-01,Completed,4.2
BEN0074,Beneficiary 74,29,Male,West Bengal,Digital Literacy Drive,Education,2025-02-01,Enrolled,3.4
BEN0075,Beneficiary 75,30,Male,Madhya Pradesh,Paryavaran Raksha,Environment,2024-10-01,Completed,4.0
BEN0076,Beneficiary 76,18,Male,Gujarat,Nari Shakti,Livelihood,2025-02-01,Enrolled,3.1
BEN0077,Beneficiary 77,17,Male,Gujarat,Shiksha Daan,Education,2025-02-01,Enrolled,4.2
BEN0078,Beneficiary 78,24,Male,Uttar Pradesh,Nari Shakti,Livelihood,2024-05-01,Completed,4.0
BEN0079,Beneficiary 79,18,Female,Maharashtra,Internship Programme,Education,2024-11-01,Completed,4.5
BEN0080,Beneficiary 80,25,Male,Uttar Pradesh,Shiksha Daan,Education,2024-09-01,Completed,4.3
BEN0081,Beneficiary 81,23,Female,Haryana,Internship Programme,Education,2024-07-01,Completed,4.1
BEN0082,Beneficiary 82,12,Other,Rajasthan,Poshan Abhiyan,Health,2024-08-01,Enrolled,4.4
BEN0083,Beneficiary 83,31,Female,Delhi NCR,Internship Programme,Education,2024-11-01,Enrolled,3.3
BEN0084,Beneficiary 84,32,Female,Uttar Pradesh,Aarogya Seva,Health,2024-06-01,Completed,4.2
BEN0085,Beneficiary 85,18,Male,Delhi NCR,Digital Literacy Drive,Education,2024-06-01,Completed,3.3
BEN0086,Beneficiary 86,19,Female,Delhi NCR,Shiksha Daan,Education,2025-02-01,Enrolled,4.9
BEN0087,Beneficiary 87,23,Female,Gujarat,Shiksha Daan,Education,2024-07-01,Completed,3.1
BEN0088,Beneficiary 88,24,Male,Rajasthan,Shiksha Daan,Education,2024-04-01,Enrolled,3.9
BEN0089,Beneficiary 89,25,Male,Haryana,Shiksha Daan,Education,2024-12-01,Completed,4.4
BEN0090,Beneficiary 90,34,Female,Bihar,Shiksha Daan,Education,2024-11-01,Enrolled,3.9
BEN0091,Beneficiary 91,20,Male,Uttar Pradesh,Shiksha Daan,Education,2024-11-01,Completed,3.2
BEN0092,Beneficiary 92,17,Male,Madhya Pradesh,Digital Literacy Drive,Education,2025-01-01,Completed,4.1
BEN0093,Beneficiary 93,13,Male,Gujarat,Shiksha Daan,Education,2024-09-01,Enrolled,4.3
BEN0094,Beneficiary 94,17,Male,Bihar,Aarogya Seva,Health,2024-10-01,Completed,4.4
BEN0095,Beneficiary 95,21,Female,Gujarat,Nari Shakti,Livelihood,2024-09-01,Enrolled,3.7
BEN0096,Beneficiary 96,32,Female,Bihar,Internship Programme,Education,2024-12-01,Enrolled,4.1
BEN0097,Beneficiary 97,18,Female,Bihar,Digital Literacy Drive,Education,2024-06-01,Enrolled,3.9
BEN0098,Beneficiary 98,23,Male,Maharashtra,Shiksha Daan,Education,2024-06-01,Enrolled,4.3
BEN0099,Beneficiary 99,21,Male,Uttar Pradesh,Shiksha Daan,Education,2024-06-01,Enrolled,4.2
BEN0100,Beneficiary 100,29,Female,Uttar Pradesh,Shiksha Daan,Education,2025-01-01,Completed,4.1
BEN0101,Beneficiary 101,37,Male,Uttar Pradesh,Shiksha Daan,Education,2024-06-01,Completed,3.5
BEN0102,Beneficiary 102,18,Male,Rajasthan,Aarogya Seva,Health,2024-12-01,Completed,3.0
BEN0103,Beneficiary 103,19,Female,Delhi NCR,Shiksha Daan,Education,2025-03-01,Enrolled,3.3
BEN0104,Beneficiary 104,28,Male,Bihar,Shiksha Daan,Education,2024-07-01,Enrolled,3.2
BEN0105,Beneficiary 105,26,Female,Punjab,Shiksha Daan,Education,2024-10-01,Enrolled,3.9
BEN0106,Beneficiary 106,33,Male,Delhi NCR,Internship Programme,Education,2024-12-01,Enrolled,4.2
BEN0107,Beneficiary 107,25,Male,Maharashtra,Shiksha Daan,Education,2025-02-01,Completed,3.4
BEN0108,Beneficiary 108,19,Male,Gujarat,Aarogya Seva,Health,2025-03-01,Enrolled,4.9
BEN0109,Beneficiary 109,25,Female,Delhi NCR,Internship Programme,Education,2024-10-01,Completed,3.0
BEN0110,Beneficiary 110,28,Female,Uttar Pradesh,Digital Literacy Drive,Education,2024-12-01,Completed,4.5
BEN0111,Beneficiary 111,26,Female,Delhi NCR,Shiksha Daan,Education,2025-03-01,Completed,4.3
BEN0112,Beneficiary 112,25,Female,Uttar Pradesh,Skill Development,Livelihood,2024-06-01,Completed,3.7
BEN0113,Beneficiary 113,28,Male,Punjab,Digital Literacy Drive,Education,2024-07-01,Completed,3.1
BEN0114,Beneficiary 114,29,Female,West Bengal,Shiksha Daan,Education,2024-11-01,Completed,4.3
BEN0115,Beneficiary 115,30,Male,Rajasthan,Paryavaran Raksha,Environment,2024-09-01,Completed,3.8
BEN0116,Beneficiary 116,25,Female,Haryana,Nari Shakti,Livelihood,2024-08-01,Completed,4.9
BEN0117,Beneficiary 117,20,Male,West Bengal,Shiksha Daan,Education,2024-07-01,Enrolled,4.1
BEN0118,Beneficiary 118,22,Female,Uttar Pradesh,Aarogya Seva,Health,2024-11-01,Enrolled,4.9
BEN0119,Beneficiary 119,29,Male,Haryana,Skill Development,Livelihood,2024-04-01,Enrolled,3.4
BEN0120,Beneficiary 120,17,Male,Bihar,Skill Development,Livelihood,2024-12-01,Completed,4.5
BEN0121,Beneficiary 121,24,Female,West Bengal,Shiksha Daan,Education,2024-04-01,Enrolled,4.2
BEN0122,Beneficiary 122,19,Male,Haryana,Shiksha Daan,Education,2024-11-01,Dropped,4.5
BEN0123,Beneficiary 123,22,Male,Delhi NCR,Aarogya Seva,Health,2024-07-01,Completed,3.4
BEN0124,Beneficiary 124,29,Male,Uttar Pradesh,Internship Programme,Education,2024-12-01,Enrolled,4.3
BEN0125,Beneficiary 125,23,Male,Delhi NCR,Digital Literacy Drive,Education,2025-02-01,Enrolled,4.0
BEN0126,Beneficiary 126,22,Female,Maharashtra,Aarogya Seva,Health,2024-08-01,Dropped,4.5
BEN0127,Beneficiary 127,13,Female,West Bengal,Internship Programme,Education,2024-06-01,Completed,3.7
BEN0128,Beneficiary 128,26,Female,Haryana,Skill Development,Livelihood,2024-12-01,Completed,4.8
BEN0129,Beneficiary 129,25,Female,Uttar Pradesh,Shiksha Daan,Education,2025-02-01,Enrolled,3.2
BEN0130,Beneficiary 130,34,Male,Bihar,Shiksha Daan,Education,2024-12-01,Enrolled,4.6
BEN0131,Beneficiary 131,20,Female,Maharashtra,Skill Development,Livelihood,2024-07-01,Enrolled,4.7
BEN0132,Beneficiary 132,23,Male,Delhi NCR,Nari Shakti,Livelihood,2025-02-01,Enrolled,4.6
BEN0133,Beneficiary 133,23,Male,Uttar Pradesh,Internship Programme,Education,2024-07-01,Completed,4.0
BEN0134,Beneficiary 134,31,Female,Delhi NCR,Internship Programme,Education,2025-03-01,Completed,3.9
BEN0135,Beneficiary 135,21,Male,Jharkhand,Shiksha Daan,Education,2024-11-01,Completed,5.0
BEN0136,Beneficiary 136,23,Female,Delhi NCR,Internship Programme,Education,2024-05-01,Dropped,3.5
BEN0137,Beneficiary 137,25,Male,Bihar,Internship Programme,Education,2024-12-01,Completed,4.1
BEN0138,Beneficiary 138,23,Female,Madhya Pradesh,Shiksha Daan,Education,2024-09-01,Completed,4.3
BEN0139,Beneficiary 139,19,Female,Maharashtra,Aarogya Seva,Health,2024-12-01,Enrolled,4.4
BEN0140,Beneficiary 140,23,Female,Odisha,Aarogya Seva,Health,2024-11-01,Dropped,3.4
BEN0141,Beneficiary 141,28,Female,Jharkhand,Shiksha Daan,Education,2024-10-01,Enrolled,4.3
BEN0142,Beneficiary 142,15,Female,Delhi NCR,Aarogya Seva,Health,2024-04-01,Dropped,4.6
BEN0143,Beneficiary 143,22,Male,Bihar,Shiksha Daan,Education,2025-03-01,Completed,3.1
BEN0144,Beneficiary 144,17,Female,Delhi NCR,Aarogya Seva,Health,2024-06-01,Enrolled,4.8
BEN0145,Beneficiary 145,29,Male,Delhi NCR,Shiksha Daan,Education,2025-02-01,Completed,3.1
BEN0146,Beneficiary 146,12,Female,Uttar Pradesh,Nari Shakti,Livelihood,2024-05-01,Completed,3.7
BEN0147,Beneficiary 147,18,Female,Rajasthan,Digital Literacy Drive,Education,2024-08-01,Completed,3.0
BEN0148,Beneficiary 148,24,Female,Bihar,Digital Literacy Drive,Education,2024-08-01,Dropped,3.2
BEN0149,Beneficiary 149,31,Male,Uttar Pradesh,Skill Development,Livelihood,2024-08-01,Dropped,4.8
BEN0150,Beneficiary 150,21,Male,Delhi NCR,Internship Programme,Education,2024-07-01,Enrolled,3.7
BEN0151,Beneficiary 151,18,Female,Punjab,Shiksha Daan,Education,2024-08-01,Enrolled,3.8
BEN0152,Beneficiary 152,33,Male,Delhi NCR,Internship Programme,Education,2024-06-01,Dropped,3.4
BEN0153,Beneficiary 153,13,Male,Uttar Pradesh,Internship Programme,Education,2025-03-01,Completed,4.2
BEN0154,Beneficiary 154,10,Male,Bihar,Skill Development,Livelihood,2024-04-01,Enrolled,4.2
BEN0155,Beneficiary 155,24,Female,Odisha,Internship Programme,Education,2024-08-01,Enrolled,3.7
BEN0156,Beneficiary 156,18,Female,Delhi NCR,Shiksha Daan,Education,2024-12-01,Completed,3.7
BEN0157,Beneficiary 157,15,Male,Madhya Pradesh,Aarogya Seva,Health,2024-12-01,Dropped,4.8
BEN0158,Beneficiary 158,26,Male,Gujarat,Aarogya Seva,Health,2024-07-01,Completed,3.8
BEN0159,Beneficiary 159,23,Male,Delhi NCR,Digital Literacy Drive,Education,2024-06-01,Completed,4.0
BEN0160,Beneficiary 160,18,Female,Gujarat,Internship Programme,Education,2024-04-01,Enrolled,3.6
BEN0161,Beneficiary 161,14,Female,Maharashtra,Aarogya Seva,Health,2024-05-01,Enrolled,4.6
BEN0162,Beneficiary 162,27,Male,Rajasthan,Poshan Abhiyan,Health,2024-11-01,Dropped,3.8
BEN0163,Beneficiary 163,25,Male,Rajasthan,Digital Literacy Drive,Education,2024-04-01,Enrolled,4.0
BEN0164,Beneficiary 164,21,Male,Bihar,Shiksha Daan,Education,2024-11-01,Enrolled,3.5
BEN0165,Beneficiary 165,33,Female,Uttar Pradesh,Shiksha Daan,Education,2024-10-01,Enrolled,5.0
BEN0166,Beneficiary 166,15,Female,West Bengal,Shiksha Daan,Education,2024-11-01,Completed,3.6
BEN0167,Beneficiary 167,12,Male,Delhi NCR,Shiksha Daan,Education,2025-03-01,Dropped,4.5
BEN0168,Beneficiary 168,17,Male,Uttar Pradesh,Shiksha Daan,Education,2024-09-01,Enrolled,3.9
BEN0169,Beneficiary 169,21,Male,Uttar Pradesh,Shiksha Daan,Education,2025-03-01,Completed,3.4
BEN0170,Beneficiary 170,23,Female,Rajasthan,Aarogya Seva,Health,2024-12-01,Completed,4.6
BEN0171,Beneficiary 171,20,Male,Madhya Pradesh,Shiksha Daan,Education,2024-06-01,Dropped,3.7
BEN0172,Beneficiary 172,24,Female,Uttar Pradesh,Nari Shakti,Livelihood,2025-01-01,Enrolled,4.7
BEN0173,Beneficiary 173,14,Female,Bihar,Shiksha Daan,Education,2024-07-01,Completed,4.8
BEN0174,Beneficiary 174,30,Male,Delhi NCR,Internship Programme,Education,2024-09-01,Enrolled,4.7
BEN0175,Beneficiary 175,21,Male,Rajasthan,Aarogya Seva,Health,2024-11-01,Completed,3.1
BEN0176,Beneficiary 176,28,Male,Uttar Pradesh,Poshan Abhiyan,Health,2024-08-01,Completed,4.6
BEN0177,Beneficiary 177,24,Female,Madhya Pradesh,Shiksha Daan,Education,2024-06-01,Enrolled,3.8
BEN0178,Beneficiary 178,24,Female,Maharashtra,Aarogya Seva,Health,2024-09-01,Completed,4.7
BEN0179,Beneficiary 179,25,Female,Punjab,Poshan Abhiyan,Health,2024-07-01,Completed,4.3
BEN0180,Beneficiary 180,24,Female,Uttar Pradesh,Paryavaran Raksha,Environment,2024-12-01,Enrolled,4.7
BEN0181,Beneficiary 181,25,Male,Delhi NCR,Paryavaran Raksha,Environment,2024-06-01,Completed,4.0
BEN0182,Beneficiary 182,29,Female,Uttar Pradesh,Shiksha Daan,Education,2024-07-01,Enrolled,4.1
BEN0183,Beneficiary 183,23,Female,Punjab,Shiksha Daan,Education,2024-10-01,Completed,3.3
BEN0184,Beneficiary 184,26,Male,Haryana,Digital Literacy Drive,Education,2024-10-01,Enrolled,4.6
BEN0185,Beneficiary 185,21,Female,Delhi NCR,Nari Shakti,Livelihood,2025-03-01,Completed,3.8
BEN0186,Beneficiary 186,30,Female,Madhya Pradesh,Internship Programme,Education,2025-03-01,Enrolled,4.0
BEN0187,Beneficiary 187,17,Female,West Bengal,Internship Programme,Education,2024-07-01,Completed,4.6
BEN0188,Beneficiary 188,32,Female,Bihar,Aarogya Seva,Health,2024-09-01,Completed,4.2
BEN0189,Beneficiary 189,21,Female,Bihar,Skill Development,Livelihood,2025-03-01,Completed,3.4
BEN0190,Beneficiary 190,13,Female,Delhi NCR,Shiksha Daan,Education,2024-06-01,Completed,4.2
BEN0191,Beneficiary 191,22,Male,Uttar Pradesh,Aarogya Seva,Health,2024-09-01,Completed,3.8
BEN0192,Beneficiary 192,17,Male,Haryana,Aarogya Seva,Health,2025-03-01,Enrolled,3.9
BEN0193,Beneficiary 193,27,Female,Punjab,Internship Programme,Education,2024-05-01,Enrolled,3.1
BEN0194,Beneficiary 194,18,Male,Rajasthan,Shiksha Daan,Education,2024-11-01,Dropped,3.4
BEN0195,Beneficiary 195,19,Male,Delhi NCR,Shiksha Daan,Education,2024-05-01,Enrolled,3.6
BEN0196,Beneficiary 196,10,Male,Delhi NCR,Digital Literacy Drive,Education,2025-02-01,Completed,4.4
BEN0197,Beneficiary 197,19,Male,Gujarat,Aarogya Seva,Health,2024-10-01,Dropped,3.0
BEN0198,Beneficiary 198,10,Female,Haryana,Internship Programme,Education,2024-12-01,Enrolled,3.8
BEN0199,Beneficiary 199,12,Female,Haryana,Shiksha Daan,Education,2024-04-01,Completed,4.8
BEN0200,Beneficiary 200,26,Male,Gujarat,Internship Programme,Education,2024-11-01,Completed,3.2
BEN0201,Beneficiary 201,26,Male,Rajasthan,Internship Programme,Education,2024-10-01,Completed,4.0
BEN0202,Beneficiary 202,24,Male,Uttar Pradesh,Shiksha Daan,Education,2024-09-01,Enrolled,4.6
BEN0203,Beneficiary 203,16,Female,Uttar Pradesh,Aarogya Seva,Health,2024-09-01,Enrolled,4.9
BEN0204,Beneficiary 204,21,Female,Haryana,Shiksha Daan,Education,2024-09-01,Completed,4.5
BEN0205,Beneficiary 205,21,Male,Rajasthan,Shiksha Daan,Education,2024-12-01,Completed,4.4
BEN0206,Beneficiary 206,15,Female,Uttar Pradesh,Poshan Abhiyan,Health,2024-05-01,Completed,4.7
BEN0207,Beneficiary 207,31,Female,Uttar Pradesh,Aarogya Seva,Health,2024-04-01,Completed,3.9
BEN0208,Beneficiary 208,27,Female,Madhya Pradesh,Skill Development,Livelihood,2025-03-01,Enrolled,4.6
BEN0209,Beneficiary 209,20,Female,Uttar Pradesh,Shiksha Daan,Education,2024-09-01,Completed,3.0
BEN0210,Beneficiary 210,22,Male,Uttar Pradesh,Digital Literacy Drive,Education,2025-01-01,Enrolled,4.8
BEN0211,Beneficiary 211,23,Female,Bihar,Skill Development,Livelihood,2025-02-01,Dropped,3.9
BEN0212,Beneficiary 212,10,Male,Madhya Pradesh,Digital Literacy Drive,Education,2024-11-01,Completed,4.1
BEN0213,Beneficiary 213,20,Female,Madhya Pradesh,Internship Programme,Education,2024-06-01,Completed,3.5
BEN0214,Beneficiary 214,17,Female,Delhi NCR,Aarogya Seva,Health,2025-03-01,Dropped,4.5
BEN0215,Beneficiary 215,15,Female,Madhya Pradesh,Aarogya Seva,Health,2025-01-01,Enrolled,3.2
BEN0216,Beneficiary 216,20,Female,Delhi NCR,Nari Shakti,Livelihood,2024-04-01,Completed,4.7
BEN0217,Beneficiary 217,32,Male,Delhi NCR,Paryavaran Raksha,Environment,2024-12-01,Enrolled,4.7
BEN0218,Beneficiary 218,25,Female,Gujarat,Poshan Abhiyan,Health,2024-04-01,Dropped,3.4
BEN0219,Beneficiary 219,18,Other,Rajasthan,Shiksha Daan,Education,2024-06-01,Enrolled,4.6
BEN0220,Beneficiary 220,25,Female,West Bengal,Skill Development,Livelihood,2024-11-01,Completed,4.6
BEN0221,Beneficiary 221,30,Male,Madhya Pradesh,Nari Shakti,Livelihood,2024-06-01,Dropped,4.3
BEN0222,Beneficiary 222,27,Male,Bihar,Shiksha Daan,Education,2024-07-01,Enrolled,3.7
BEN0223,Beneficiary 223,22,Male,Uttar Pradesh,Shiksha Daan,Education,2024-11-01,Enrolled,3.5
BEN0224,Beneficiary 224,18,Female,Maharashtra,Skill Development,Livelihood,2024-04-01,Completed,3.5
BEN0225,Beneficiary 225,26,Female,Delhi NCR,Internship Programme,Education,2024-09-01,Completed,3.6
BEN0226,Beneficiary 226,24,Male,Delhi NCR,Paryavaran Raksha,Environment,2024-04-01,Enrolled,4.8
BEN0227,Beneficiary 227,27,Female,Odisha,Shiksha Daan,Education,2024-04-01,Enrolled,3.2
BEN0228,Beneficiary 228,25,Female,Maharashtra,Skill Development,Livelihood,2024-11-01,Enrolled,4.7
BEN0229,Beneficiary 229,28,Female,Haryana,Shiksha Daan,Education,2025-02-01,Completed,3.7
BEN0230,Beneficiary 230,18,Female,Rajasthan,Shiksha Daan,Education,2024-07-01,Completed,4.0
BEN0231,Beneficiary 231,29,Female,West Bengal,Shiksha Daan,Education,2025-03-01,Enrolled,4.6
BEN0232,Beneficiary 232,23,Female,Bihar,Paryavaran Raksha,Environment,2024-04-01,Enrolled,4.8
BEN0233,Beneficiary 233,34,Male,Rajasthan,Digital Literacy Drive,Education,2025-01-01,Enrolled,3.7
BEN0234,Beneficiary 234,17,Female,Bihar,Internship Programme,Education,2024-10-01,Enrolled,3.9
BEN0235,Beneficiary 235,32,Female,Uttar Pradesh,Aarogya Seva,Health,2024-08-01,Enrolled,3.8
BEN0236,Beneficiary 236,23,Female,Gujarat,Paryavaran Raksha,Environment,2024-08-01,Enrolled,3.0
BEN0237,Beneficiary 237,18,Female,Delhi NCR,Aarogya Seva,Health,2024-04-01,Enrolled,3.6
BEN0238,Beneficiary 238,19,Female,Uttar Pradesh,Paryavaran Raksha,Environment,2025-01-01,Completed,3.9
BEN0239,Beneficiary 239,20,Male,Rajasthan,Internship Programme,Education,2025-02-01,Enrolled,3.8
BEN0240,Beneficiary 240,24,Male,Uttar Pradesh,Aarogya Seva,Health,2024-09-01,Completed,4.4
BEN0241,Beneficiary 241,25,Male,Jharkhand,Internship Programme,Education,2024-12-01,Completed,3.8
BEN0242,Beneficiary 242,18,Male,Jharkhand,Aarogya Seva,Health,2024-12-01,Completed,4.0
BEN0243,Beneficiary 243,21,Female,Punjab,Skill Development,Livelihood,2024-11-01,Completed,3.9
BEN0244,Beneficiary 244,34,Other,Maharashtra,Internship Programme,Education,2024-08-01,Completed,4.5
BEN0245,Beneficiary 245,32,Male,Uttar Pradesh,Shiksha Daan,Education,2024-04-01,Dropped,4.7
BEN0246,Beneficiary 246,24,Male,Punjab,Nari Shakti,Livelihood,2024-12-01,Completed,4.1
BEN0247,Beneficiary 247,22,Female,Maharashtra,Aarogya Seva,Health,2024-04-01,Completed,4.6
BEN0248,Beneficiary 248,22,Male,Jharkhand,Internship Programme,Education,2024-11-01,Completed,3.6
BEN0249,Beneficiary 249,25,Female,Jharkhand,Nari Shakti,Livelihood,2024-08-01,Completed,4.1
BEN0250,Beneficiary 250,15,Female,Haryana,Digital Literacy Drive,Education,2024-06-01,Enrolled,3.7
BEN0251,Beneficiary 251,20,Female,Delhi NCR,Shiksha Daan,Education,2025-02-01,Enrolled,3.8
BEN0252,Beneficiary 252,11,Male,Maharashtra,Nari Shakti,Livelihood,2024-10-01,Enrolled,4.5
BEN0253,Beneficiary 253,24,Male,Haryana,Digital Literacy Drive,Education,2024-10-01,Dropped,4.8
BEN0254,Beneficiary 254,25,Female,Delhi NCR,Aarogya Seva,Health,2024-12-01,Completed,3.2
BEN0255,Beneficiary 255,19,Female,Uttar Pradesh,Shiksha Daan,Education,2024-10-01,Dropped,4.3
BEN0256,Beneficiary 256,31,Male,Bihar,Skill Development,Livelihood,2025-02-01,Completed,4.2
BEN0257,Beneficiary 257,14,Female,Punjab,Digital Literacy Drive,Education,2024-06-01,Completed,3.2
BEN0258,Beneficiary 258,13,Male,Madhya Pradesh,Internship Programme,Education,2025-02-01,Enrolled,3.4
BEN0259,Beneficiary 259,23,Female,Rajasthan,Nari Shakti,Livelihood,2024-04-01,Completed,3.6
BEN0260,Beneficiary 260,28,Male,Uttar Pradesh,Skill Development,Livelihood,2024-11-01,Completed,3.3
BEN0261,Beneficiary 261,32,Female,Rajasthan,Shiksha Daan,Education,2025-03-01,Dropped,3.5
BEN0262,Beneficiary 262,19,Male,Odisha,Aarogya Seva,Health,2024-06-01,Enrolled,3.5
BEN0263,Beneficiary 263,28,Male,Uttar Pradesh,Shiksha Daan,Education,2025-03-01,Completed,3.7
BEN0264,Beneficiary 264,21,Male,Bihar,Skill Development,Livelihood,2024-11-01,Completed,4.5
BEN0265,Beneficiary 265,20,Male,Haryana,Shiksha Daan,Education,2024-11-01,Completed,4.1
BEN0266,Beneficiary 266,27,Female,Gujarat,Internship Programme,Education,2024-08-01,Completed,5.0
BEN0267,Beneficiary 267,25,Other,Madhya Pradesh,Skill Development,Livelihood,2025-03-01,Completed,3.8
BEN0268,Beneficiary 268,12,Male,Madhya Pradesh,Paryavaran Raksha,Environment,2024-04-01,Enrolled,4.5
BEN0269,Beneficiary 269,30,Male,Maharashtra,Aarogya Seva,Health,2025-01-01,Completed,4.7
BEN0270,Beneficiary 270,30,Female,Delhi NCR,Paryavaran Raksha,Environment,2024-10-01,Completed,4.4
BEN0271,Beneficiary 271,18,Female,West Bengal,Shiksha Daan,Education,2025-03-01,Dropped,3.8
BEN0272,Beneficiary 272,24,Female,West Bengal,Paryavaran Raksha,Environment,2025-01-01,Completed,4.5
BEN0273,Beneficiary 273,24,Male,Haryana,Shiksha Daan,Education,2024-08-01,Enrolled,3.4
BEN0274,Beneficiary 274,23,Male,Punjab,Aarogya Seva,Health,2024-11-01,Enrolled,3.7
BEN0275,Beneficiary 275,18,Female,Bihar,Skill Development,Livelihood,2024-12-01,Dropped,4.1
BEN0276,Beneficiary 276,17,Male,Bihar,Shiksha Daan,Education,2025-02-01,Completed,4.2
BEN0277,Beneficiary 277,21,Female,West Bengal,Shiksha Daan,Education,2024-10-01,Dropped,3.0
BEN0278,Beneficiary 278,29,Male,Rajasthan,Skill Development,Livelihood,2024-10-01,Enrolled,4.9
BEN0279,Beneficiary 279,25,Female,Madhya Pradesh,Skill Development,Livelihood,2024-04-01,Completed,4.4
BEN0280,Beneficiary 280,19,Male,West Bengal,Digital Literacy Drive,Education,2024-07-01,Completed,4.0
BEN0281,Beneficiary 281,26,Female,Haryana,Digital Literacy Drive,Education,2024-05-01,Dropped,4.9
BEN0282,Beneficiary 282,10,Female,Delhi NCR,Internship Programme,Education,2024-05-01,Enrolled,3.9
BEN0283,Beneficiary 283,28,Female,Maharashtra,Shiksha Daan,Education,2024-05-01,Completed,5.0
BEN0284,Beneficiary 284,11,Male,Uttar Pradesh,Aarogya Seva,Health,2024-07-01,Completed,4.0
BEN0285,Beneficiary 285,19,Female,Rajasthan,Shiksha Daan,Education,2024-04-01,Enrolled,3.2
BEN0286,Beneficiary 286,15,Female,Uttar Pradesh,Nari Shakti,Livelihood,2024-07-01,Completed,4.5
BEN0287,Beneficiary 287,14,Female,Maharashtra,Internship Programme,Education,2024-05-01,Completed,4.4
BEN0288,Beneficiary 288,28,Female,Bihar,Aarogya Seva,Health,2024-08-01,Dropped,4.5
BEN0289,Beneficiary 289,19,Female,Delhi NCR,Internship Programme,Education,2024-06-01,Completed,4.9
BEN0290,Beneficiary 290,24,Female,Rajasthan,Nari Shakti,Livelihood,2025-03-01,Enrolled,4.6
BEN0291,Beneficiary 291,21,Male,Uttar Pradesh,Shiksha Daan,Education,2024-11-01,Enrolled,4.2
BEN0292,Beneficiary 292,24,Female,Uttar Pradesh,Internship Programme,Education,2024-07-01,Enrolled,4.7
BEN0293,Beneficiary 293,22,Female,West Bengal,Internship Programme,Education,2024-04-01,Enrolled,4.3
BEN0294,Beneficiary 294,14,Male,Maharashtra,Digital Literacy Drive,Education,2024-04-01,Completed,3.8
BEN0295,Beneficiary 295,27,Male,Uttar Pradesh,Shiksha Daan,Education,2025-03-01,Enrolled,4.8
BEN0296,Beneficiary 296,19,Male,Bihar,Paryavaran Raksha,Environment,2025-01-01,Dropped,3.4
BEN0297,Beneficiary 297,12,Female,Gujarat,Nari Shakti,Livelihood,2024-06-01,Dropped,4.4
BEN0298,Beneficiary 298,19,Female,Delhi NCR,Internship Programme,Education,2024-12-01,Completed,4.8
BEN0299,Beneficiary 299,31,Female,Rajasthan,Digital Literacy Drive,Education,2024-10-01,Dropped,4.5
BEN0300,Beneficiary 300,27,Female,Uttar Pradesh,Nari Shakti,Livelihood,2024-05-01,Completed,4.4
BEN0301,Beneficiary 301,19,Male,Uttar Pradesh,Digital Literacy Drive,Education,2024-12-01,Completed,4.5
BEN0302,Beneficiary 302,19,Male,Bihar,Shiksha Daan,Education,2025-01-01,Enrolled,3.9
BEN0303,Beneficiary 303,20,Male,Bihar,Internship Programme,Education,2024-05-01,Completed,4.7
BEN0304,Beneficiary 304,34,Male,Rajasthan,Digital Literacy Drive,Education,2024-06-01,Completed,3.4
BEN0305,Beneficiary 305,24,Male,Gujarat,Aarogya Seva,Health,2025-02-01,Completed,3.3
BEN0306,Beneficiary 306,24,Male,Odisha,Skill Development,Livelihood,2025-01-01,Completed,3.6
BEN0307,Beneficiary 307,28,Female,Bihar,Nari Shakti,Livelihood,2024-05-01,Dropped,4.1
BEN0308,Beneficiary 308,23,Female,Delhi NCR,Nari Shakti,Livelihood,2024-06-01,Completed,4.0
BEN0309,Beneficiary 309,20,Other,West Bengal,Internship Programme,Education,2024-09-01,Enrolled,4.6
BEN0310,Beneficiary 310,20,Female,Delhi NCR,Shiksha Daan,Education,2024-12-01,Dropped,3.8
BEN0311,Beneficiary 311,21,Female,Maharashtra,Poshan Abhiyan,Health,2024-12-01,Completed,4.0
BEN0312,Beneficiary 312,21,Male,Uttar Pradesh,Paryavaran Raksha,Environment,2024-10-01,Enrolled,3.0
BEN0313,Beneficiary 313,26,Female,Uttar Pradesh,Shiksha Daan,Education,2025-03-01,Completed,3.8
BEN0314,Beneficiary 314,22,Female,Jharkhand,Nari Shakti,Livelihood,2024-06-01,Enrolled,4.3
BEN0315,Beneficiary 315,26,Male,West Bengal,Paryavaran Raksha,Environment,2024-07-01,Completed,3.0
BEN0316,Beneficiary 316,21,Male,Madhya Pradesh,Internship Programme,Education,2024-09-01,Completed,3.6
BEN0317,Beneficiary 317,22,Female,Maharashtra,Digital Literacy Drive,Education,2025-02-01,Enrolled,3.4
BEN0318,Beneficiary 318,10,Male,Uttar Pradesh,Aarogya Seva,Health,2024-08-01,Dropped,3.1
BEN0319,Beneficiary 319,27,Female,Uttar Pradesh,Shiksha Daan,Education,2024-05-01,Completed,4.0
BEN0320,Beneficiary 320,24,Female,Delhi NCR,Aarogya Seva,Health,2024-09-01,Enrolled,3.4
BEN0321,Beneficiary 321,27,Male,Bihar,Skill Development,Livelihood,2024-06-01,Completed,4.5
BEN0322,Beneficiary 322,10,Male,Madhya Pradesh,Shiksha Daan,Education,2024-11-01,Dropped,4.7
BEN0323,Beneficiary 323,34,Male,Madhya Pradesh,Aarogya Seva,Health,2024-05-01,Enrolled,4.1
BEN0324,Beneficiary 324,21,Male,Delhi NCR,Aarogya Seva,Health,2024-04-01,Enrolled,5.0
BEN0325,Beneficiary 325,28,Male,Jharkhand,Internship Programme,Education,2024-12-01,Enrolled,3.9
BEN0326,Beneficiary 326,15,Female,Gujarat,Nari Shakti,Livelihood,2025-03-01,Enrolled,4.0
BEN0327,Beneficiary 327,25,Male,Bihar,Aarogya Seva,Health,2024-06-01,Completed,5.0
BEN0328,Beneficiary 328,15,Female,Rajasthan,Aarogya Seva,Health,2025-02-01,Completed,3.5
BEN0329,Beneficiary 329,18,Male,Maharashtra,Skill Development,Livelihood,2024-04-01,Enrolled,4.9
BEN0330,Beneficiary 330,33,Female,Delhi NCR,Internship Programme,Education,2024-10-01,Completed,3.1
BEN0331,Beneficiary 331,20,Male,Maharashtra,Shiksha Daan,Education,2025-01-01,Enrolled,3.9
BEN0332,Beneficiary 332,23,Male,Gujarat,Internship Programme,Education,2024-08-01,Dropped,3.1
BEN0333,Beneficiary 333,27,Female,Uttar Pradesh,Shiksha Daan,Education,2024-08-01,Dropped,4.5
BEN0334,Beneficiary 334,24,Female,Uttar Pradesh,Shiksha Daan,Education,2024-04-01,Enrolled,4.2
BEN0335,Beneficiary 335,22,Male,Uttar Pradesh,Internship Programme,Education,2024-12-01,Completed,4.4
BEN0336,Beneficiary 336,24,Female,Uttar Pradesh,Aarogya Seva,Health,2024-10-01,Completed,3.7
BEN0337,Beneficiary 337,36,Male,Haryana,Nari Shakti,Livelihood,2024-11-01,Enrolled,3.7
BEN0338,Beneficiary 338,21,Female,Madhya Pradesh,Aarogya Seva,Health,2024-12-01,Enrolled,3.1
BEN0339,Beneficiary 339,23,Male,Bihar,Internship Programme,Education,2024-09-01,Completed,3.7
BEN0340,Beneficiary 340,28,Male,Uttar Pradesh,Digital Literacy Drive,Education,2025-03-01,Completed,4.9
BEN0341,Beneficiary 341,28,Female,Bihar,Shiksha Daan,Education,2024-08-01,Dropped,3.8
BEN0342,Beneficiary 342,29,Female,Bihar,Digital Literacy Drive,Education,2024-09-01,Completed,4.7
BEN0343,Beneficiary 343,25,Male,Uttar Pradesh,Shiksha Daan,Education,2025-02-01,Completed,4.7
BEN0344,Beneficiary 344,15,Female,Maharashtra,Poshan Abhiyan,Health,2024-05-01,Completed,3.7
BEN0345,Beneficiary 345,31,Female,Maharashtra,Shiksha Daan,Education,2024-07-01,Completed,4.3
BEN0346,Beneficiary 346,15,Male,Rajasthan,Aarogya Seva,Health,2024-06-01,Completed,3.2
BEN0347,Beneficiary 347,23,Female,Rajasthan,Shiksha Daan,Education,2024-10-01,Enrolled,3.2
BEN0348,Beneficiary 348,17,Male,Uttar Pradesh,Poshan Abhiyan,Health,2024-12-01,Completed,3.1
BEN0349,Beneficiary 349,21,Female,Maharashtra,Internship Programme,Education,2024-08-01,Completed,4.2
BEN0350,Beneficiary 350,23,Female,Rajasthan,Digital Literacy Drive,Education,2024-09-01,Enrolled,3.9
BEN0351,Beneficiary 351,23,Female,Bihar,Shiksha Daan,Education,2025-01-01,Completed,4.1
BEN0352,Beneficiary 352,24,Male,Haryana,Skill Development,Livelihood,2025-03-01,Enrolled,4.0
BEN0353,Beneficiary 353,31,Male,Madhya Pradesh,Shiksha Daan,Education,2025-03-01,Completed,3.7
BEN0354,Beneficiary 354,24,Male,Uttar Pradesh,Nari Shakti,Livelihood,2024-05-01,Completed,4.4
BEN0355,Beneficiary 355,20,Male,Uttar Pradesh,Shiksha Daan,Education,2024-06-01,Enrolled,4.5
BEN0356,Beneficiary 356,27,Male,Rajasthan,Shiksha Daan,Education,2024-06-01,Enrolled,3.0
BEN0357,Beneficiary 357,29,Female,Uttar Pradesh,Shiksha Daan,Education,2025-03-01,Enrolled,3.4
BEN0358,Beneficiary 358,14,Male,Rajasthan,Internship Programme,Education,2025-03-01,Dropped,4.4
BEN0359,Beneficiary 359,25,Male,Jharkhand,Internship Programme,Education,2024-12-01,Enrolled,3.8
BEN0360,Beneficiary 360,26,Female,Rajasthan,Shiksha Daan,Education,2024-10-01,Dropped,4.3
BEN0361,Beneficiary 361,20,Male,Maharashtra,Skill Development,Livelihood,2024-11-01,Enrolled,3.7
BEN0362,Beneficiary 362,30,Female,Rajasthan,Internship Programme,Education,2025-02-01,Dropped,3.8
BEN0363,Beneficiary 363,21,Male,Maharashtra,Internship Programme,Education,2025-01-01,Dropped,3.3
BEN0364,Beneficiary 364,22,Female,Bihar,Internship Programme,Education,2025-02-01,Completed,3.5
BEN0365,Beneficiary 365,20,Male,Jharkhand,Aarogya Seva,Health,2024-12-01,Completed,4.2
BEN0366,Beneficiary 366,22,Male,Maharashtra,Internship Programme,Education,2024-09-01,Completed,3.9
BEN0367,Beneficiary 367,15,Female,Jharkhand,Shiksha Daan,Education,2024-07-01,Completed,4.5
BEN0368,Beneficiary 368,13,Male,Punjab,Shiksha Daan,Education,2025-03-01,Enrolled,4.7
BEN0369,Beneficiary 369,31,Female,Uttar Pradesh,Paryavaran Raksha,Environment,2024-04-01,Enrolled,4.1
BEN0370,Beneficiary 370,16,Male,Uttar Pradesh,Nari Shakti,Livelihood,2024-11-01,Enrolled,4.5
BEN0371,Beneficiary 371,16,Male,Uttar Pradesh,Aarogya Seva,Health,2024-10-01,Enrolled,3.6
BEN0372,Beneficiary 372,10,Female,Uttar Pradesh,Aarogya Seva,Health,2024-05-01,Enrolled,3.8
BEN0373,Beneficiary 373,18,Male,Uttar Pradesh,Digital Literacy Drive,Education,2024-11-01,Completed,4.4
BEN0374,Beneficiary 374,14,Female,Madhya Pradesh,Aarogya Seva,Health,2025-03-01,Dropped,3.8
BEN0375,Beneficiary 375,31,Female,Uttar Pradesh,Shiksha Daan,Education,2024-08-01,Enrolled,4.2
BEN0376,Beneficiary 376,28,Female,Delhi NCR,Shiksha Daan,Education,2024-10-01,Completed,3.4
BEN0377,Beneficiary 377,17,Female,West Bengal,Skill Development,Livelihood,2024-07-01,Enrolled,4.2
BEN0378,Beneficiary 378,35,Male,Uttar Pradesh,Digital Literacy Drive,Education,2024-08-01,Completed,4.7
BEN0379,Beneficiary 379,27,Male,West Bengal,Shiksha Daan,Education,2024-11-01,Dropped,4.7
BEN0380,Beneficiary 380,20,Male,Delhi NCR,Shiksha Daan,Education,2024-04-01,Dropped,4.4
BEN0381,Beneficiary 381,10,Female,Uttar Pradesh,Shiksha Daan,Education,2024-04-01,Dropped,4.5
BEN0382,Beneficiary 382,35,Other,Madhya Pradesh,Digital Literacy Drive,Education,2024-07-01,Enrolled,4.1
BEN0383,Beneficiary 383,13,Male,Rajasthan,Shiksha Daan,Education,2024-06-01,Completed,4.2
BEN0384,Beneficiary 384,12,Female,Haryana,Shiksha Daan,Education,2025-01-01,Completed,3.3
BEN0385,Beneficiary 385,28,Male,Gujarat,Skill Development,Livelihood,2025-03-01,Enrolled,3.9
BEN0386,Beneficiary 386,36,Female,West Bengal,Shiksha Daan,Education,2024-05-01,Dropped,3.9
BEN0387,Beneficiary 387,30,Male,Delhi NCR,Digital Literacy Drive,Education,2025-03-01,Enrolled,4.9
BEN0388,Beneficiary 388,25,Female,Uttar Pradesh,Shiksha Daan,Education,2024-06-01,Completed,3.9
BEN0389,Beneficiary 389,25,Female,Gujarat,Shiksha Daan,Education,2025-02-01,Enrolled,4.1
BEN0390,Beneficiary 390,27,Male,West Bengal,Shiksha Daan,Education,2025-02-01,Enrolled,4.1
BEN0391,Beneficiary 391,26,Male,Odisha,Skill Development,Livelihood,2025-02-01,Completed,4.3
BEN0392,Beneficiary 392,23,Male,Maharashtra,Paryavaran Raksha,Environment,2024-04-01,Completed,4.5
BEN0393,Beneficiary 393,22,Male,Maharashtra,Paryavaran Raksha,Environment,2024-04-01,Enrolled,3.5
BEN0394,Beneficiary 394,21,Male,Gujarat,Aarogya Seva,Health,2024-09-01,Enrolled,4.1
BEN0395,Beneficiary 395,17,Female,Delhi NCR,Digital Literacy Drive,Education,2024-08-01,Completed,4.7
BEN0396,Beneficiary 396,20,Female,Punjab,Shiksha Daan,Education,2024-11-01,Enrolled,3.9
BEN0397,Beneficiary 397,11,Female,Haryana,Aarogya Seva,Health,2024-05-01,Enrolled,3.6
BEN0398,Beneficiary 398,21,Male,Maharashtra,Nari Shakti,Livelihood,2024-07-01,Dropped,4.3
BEN0399,Beneficiary 399,16,Female,Gujarat,Shiksha Daan,Education,2024-11-01,Completed,4.6
BEN0400,Beneficiary 400,15,Female,Gujarat,Shiksha Daan,Education,2025-03-01,Enrolled,3.1
BEN0401,Beneficiary 401,23,Male,Uttar Pradesh,Shiksha Daan,Education,2024-09-01,Completed,4.6
BEN0402,Beneficiary 402,30,Female,Punjab,Shiksha Daan,Education,2024-04-01,Completed,4.6
BEN0403,Beneficiary 403,27,Female,Bihar,Shiksha Daan,Education,2024-07-01,Dropped,3.9
BEN0404,Beneficiary 404,12,Male,West Bengal,Internship Programme,Education,2024-04-01,Completed,5.0
BEN0405,Beneficiary 405,16,Male,Delhi NCR,Aarogya Seva,Health,2024-05-01,Enrolled,4.6
BEN0406,Beneficiary 406,27,Female,Haryana,Nari Shakti,Livelihood,2024-08-01,Enrolled,4.5
BEN0407,Beneficiary 407,16,Male,Maharashtra,Paryavaran Raksha,Environment,2024-11-01,Enrolled,4.5
BEN0408,Beneficiary 408,20,Female,Uttar Pradesh,Aarogya Seva,Health,2024-11-01,Completed,3.3
BEN0409,Beneficiary 409,25,Female,Punjab,Shiksha Daan,Education,2025-02-01,Enrolled,3.4
BEN0410,Beneficiary 410,16,Female,Uttar Pradesh,Aarogya Seva,Health,2024-06-01,Completed,3.9
BEN0411,Beneficiary 411,22,Male,Delhi NCR,Digital Literacy Drive,Education,2025-02-01,Enrolled,3.5
BEN0412,Beneficiary 412,13,Male,Jharkhand,Aarogya Seva,Health,2024-07-01,Enrolled,3.8
BEN0413,Beneficiary 413,18,Female,Jharkhand,Digital Literacy Drive,Education,2025-01-01,Dropped,4.8
BEN0414,Beneficiary 414,23,Female,Rajasthan,Aarogya Seva,Health,2025-02-01,Completed,4.6
BEN0415,Beneficiary 415,12,Male,Rajasthan,Internship Programme,Education,2024-09-01,Enrolled,4.3
BEN0416,Beneficiary 416,24,Female,Maharashtra,Internship Programme,Education,2025-02-01,Completed,4.7
BEN0417,Beneficiary 417,21,Female,Delhi NCR,Aarogya Seva,Health,2025-02-01,Enrolled,4.6
BEN0418,Beneficiary 418,25,Male,Delhi NCR,Nari Shakti,Livelihood,2025-01-01,Completed,3.9
BEN0419,Beneficiary 419,23,Male,Madhya Pradesh,Skill Development,Livelihood,2024-06-01,Completed,3.4
BEN0420,Beneficiary 420,30,Female,Gujarat,Shiksha Daan,Education,2024-05-01,Enrolled,4.0
BEN0421,Beneficiary 421,22,Male,West Bengal,Paryavaran Raksha,Environment,2024-09-01,Completed,4.5
BEN0422,Beneficiary 422,19,Male,Gujarat,Internship Programme,Education,2025-02-01,Completed,3.9
BEN0423,Beneficiary 423,22,Male,Uttar Pradesh,Nari Shakti,Livelihood,2024-08-01,Completed,4.3
BEN0424,Beneficiary 424,25,Male,Bihar,Skill Development,Livelihood,2025-01-01,Enrolled,3.2
BEN0425,Beneficiary 425,22,Female,Uttar Pradesh,Aarogya Seva,Health,2024-08-01,Enrolled,4.5
BEN0426,Beneficiary 426,22,Female,Bihar,Shiksha Daan,Education,2025-01-01,Dropped,4.6
BEN0427,Beneficiary 427,17,Male,Maharashtra,Aarogya Seva,Health,2024-08-01,Enrolled,4.4
BEN0428,Beneficiary 428,18,Female,Haryana,Internship Programme,Education,2025-01-01,Completed,4.9
BEN0429,Beneficiary 429,13,Female,Maharashtra,Digital Literacy Drive,Education,2025-03-01,Completed,4.7
BEN0430,Beneficiary 430,32,Female,Uttar Pradesh,Shiksha Daan,Education,2024-08-01,Completed,4.8
BEN0431,Beneficiary 431,14,Male,Uttar Pradesh,Shiksha Daan,Education,2024-06-01,Enrolled,4.9
BEN0432,Beneficiary 432,17,Male,Gujarat,Paryavaran Raksha,Environment,2024-10-01,Enrolled,4.6
BEN0433,Beneficiary 433,17,Other,Rajasthan,Poshan Abhiyan,Health,2024-09-01,Completed,4.3
BEN0434,Beneficiary 434,27,Female,Uttar Pradesh,Internship Programme,Education,2024-07-01,Enrolled,3.0
BEN0435,Beneficiary 435,20,Male,Uttar Pradesh,Shiksha Daan,Education,2024-05-01,Enrolled,3.9
BEN0436,Beneficiary 436,29,Male,Madhya Pradesh,Aarogya Seva,Health,2025-03-01,Enrolled,4.1
BEN0437,Beneficiary 437,17,Male,Uttar Pradesh,Shiksha Daan,Education,2024-12-01,Enrolled,3.6
BEN0438,Beneficiary 438,23,Female,West Bengal,Nari Shakti,Livelihood,2024-04-01,Dropped,3.6
BEN0439,Beneficiary 439,16,Female,Madhya Pradesh,Shiksha Daan,Education,2025-02-01,Enrolled,4.9
BEN0440,Beneficiary 440,34,Female,Uttar Pradesh,Internship Programme,Education,2024-07-01,Enrolled,4.8
BEN0441,Beneficiary 441,14,Male,Uttar Pradesh,Aarogya Seva,Health,2024-04-01,Enrolled,4.7
BEN0442,Beneficiary 442,23,Female,Odisha,Internship Programme,Education,2024-09-01,Completed,3.8
BEN0443,Beneficiary 443,25,Female,Maharashtra,Digital Literacy Drive,Education,2024-07-01,Completed,3.0
BEN0444,Beneficiary 444,24,Male,Maharashtra,Paryavaran Raksha,Environment,2024-08-01,Enrolled,3.2
BEN0445,Beneficiary 445,20,Female,West Bengal,Shiksha Daan,Education,2024-08-01,Completed,3.6
BEN0446,Beneficiary 446,21,Female,Jharkhand,Shiksha Daan,Education,2024-12-01,Completed,3.0
BEN0447,Beneficiary 447,22,Male,Odisha,Shiksha Daan,Education,2024-04-01,Dropped,3.0
BEN0448,Beneficiary 448,21,Female,Gujarat,Nari Shakti,Livelihood,2024-05-01,Completed,4.8
BEN0449,Beneficiary 449,27,Male,Maharashtra,Paryavaran Raksha,Environment,2024-09-01,Enrolled,4.4
BEN0450,Beneficiary 450,35,Female,Uttar Pradesh,Digital Literacy Drive,Education,2024-08-01,Enrolled,3.6
BEN0451,Beneficiary 451,18,Female,Gujarat,Digital Literacy Drive,Education,2025-02-01,Enrolled,3.3
BEN0452,Beneficiary 452,13,Female,Bihar,Digital Literacy Drive,Education,2024-10-01,Enrolled,4.0
BEN0453,Beneficiary 453,21,Female,Maharashtra,Shiksha Daan,Education,2024-06-01,Dropped,3.0
BEN0454,Beneficiary 454,37,Male,Punjab,Nari Shakti,Livelihood,2024-06-01,Enrolled,4.9
BEN0455,Beneficiary 455,17,Female,Uttar Pradesh,Aarogya Seva,Health,2025-01-01,Enrolled,3.8
BEN0456,Beneficiary 456,31,Female,Bihar,Aarogya Seva,Health,2024-05-01,Completed,3.8
BEN0457,Beneficiary 457,32,Male,Uttar Pradesh,Internship Programme,Education,2024-06-01,Completed,3.8
BEN0458,Beneficiary 458,18,Female,Maharashtra,Shiksha Daan,Education,2025-01-01,Enrolled,3.1
BEN0459,Beneficiary 459,25,Female,Uttar Pradesh,Shiksha Daan,Education,2024-04-01,Enrolled,4.3
BEN0460,Beneficiary 460,31,Male,Uttar Pradesh,Skill Development,Livelihood,2024-08-01,Enrolled,4.5
BEN0461,Beneficiary 461,19,Female,Uttar Pradesh,Shiksha Daan,Education,2025-03-01,Completed,4.4
BEN0462,Beneficiary 462,20,Female,Rajasthan,Digital Literacy Drive,Education,2024-08-01,Enrolled,3.3
BEN0463,Beneficiary 463,18,Male,Gujarat,Shiksha Daan,Education,2025-03-01,Enrolled,4.2
BEN0464,Beneficiary 464,15,Other,Rajasthan,Aarogya Seva,Health,2025-02-01,Completed,4.1
BEN0465,Beneficiary 465,18,Male,Jharkhand,Aarogya Seva,Health,2024-10-01,Enrolled,4.7
BEN0466,Beneficiary 466,14,Male,Maharashtra,Aarogya Seva,Health,2024-07-01,Completed,3.8
BEN0467,Beneficiary 467,22,Male,Delhi NCR,Skill Development,Livelihood,2024-06-01,Completed,3.7
BEN0468,Beneficiary 468,17,Female,Haryana,Aarogya Seva,Health,2024-04-01,Enrolled,4.2
BEN0469,Beneficiary 469,23,Female,Delhi NCR,Internship Programme,Education,2025-03-01,Dropped,4.3
BEN0470,Beneficiary 470,12,Male,Jharkhand,Internship Programme,Education,2024-11-01,Completed,3.9
BEN0471,Beneficiary 471,23,Male,Uttar Pradesh,Digital Literacy Drive,Education,2024-06-01,Enrolled,3.9
BEN0472,Beneficiary 472,27,Female,Jharkhand,Nari Shakti,Livelihood,2024-05-01,Completed,4.0
BEN0473,Beneficiary 473,10,Male,Uttar Pradesh,Skill Development,Livelihood,2025-02-01,Completed,4.7
BEN0474,Beneficiary 474,24,Female,Haryana,Shiksha Daan,Education,2024-07-01,Completed,3.9
BEN0475,Beneficiary 475,29,Female,Bihar,Shiksha Daan,Education,2024-06-01,Enrolled,4.9
BEN0476,Beneficiary 476,14,Female,Odisha,Aarogya Seva,Health,2024-04-01,Dropped,4.0
BEN0477,Beneficiary 477,32,Female,Uttar Pradesh,Digital Literacy Drive,Education,2024-06-01,Enrolled,4.9
BEN0478,Beneficiary 478,24,Male,Bihar,Shiksha Daan,Education,2025-03-01,Enrolled,4.7
BEN0479,Beneficiary 479,17,Other,Jharkhand,Internship Programme,Education,2024-05-01,Enrolled,3.7
BEN0480,Beneficiary 480,21,Female,Bihar,Digital Literacy Drive,Education,2024-11-01,Enrolled,4.7
BEN0481,Beneficiary 481,25,Female,Rajasthan,Aarogya Seva,Health,2024-09-01,Completed,3.2
BEN0482,Beneficiary 482,22,Male,Madhya Pradesh,Skill Development,Livelihood,2024-12-01,Enrolled,4.9
BEN0483,Beneficiary 483,25,Female,Maharashtra,Shiksha Daan,Education,2024-11-01,Enrolled,4.3
BEN0484,Beneficiary 484,16,Male,Rajasthan,Shiksha Daan,Education,2025-01-01,Completed,3.1
BEN0485,Beneficiary 485,23,Male,Rajasthan,Skill Development,Livelihood,2024-06-01,Enrolled,4.3
BEN0486,Beneficiary 486,13,Male,Punjab,Internship Programme,Education,2024-08-01,Enrolled,4.9
BEN0487,Beneficiary 487,21,Female,Uttar Pradesh,Digital Literacy Drive,Education,2024-10-01,Enrolled,3.1
BEN0488,Beneficiary 488,16,Female,Delhi NCR,Internship Programme,Education,2024-08-01,Enrolled,4.1
BEN0489,Beneficiary 489,17,Female,Jharkhand,Shiksha Daan,Education,2024-11-01,Enrolled,4.5
BEN0490,Beneficiary 490,29,Female,Haryana,Paryavaran Raksha,Environment,2025-03-01,Completed,4.6
BEN0491,Beneficiary 491,28,Male,Maharashtra,Skill Development,Livelihood,2024-08-01,Enrolled,3.8
BEN0492,Beneficiary 492,25,Female,Rajasthan,Digital Literacy Drive,Education,2024-04-01,Enrolled,3.4
BEN0493,Beneficiary 493,15,Male,Delhi NCR,Aarogya Seva,Health,2024-08-01,Completed,3.1
BEN0494,Beneficiary 494,20,Female,Uttar Pradesh,Digital Literacy Drive,Education,2024-07-01,Completed,4.2
BEN0495,Beneficiary 495,29,Female,Maharashtra,Aarogya Seva,Health,2024-09-01,Enrolled,3.9
BEN0496,Beneficiary 496,22,Female,Maharashtra,Shiksha Daan,Education,2024-06-01,Completed,4.9
BEN0497,Beneficiary 497,35,Female,Rajasthan,Nari Shakti,Livelihood,2025-02-01,Enrolled,3.1
BEN0498,Beneficiary 498,24,Male,Uttar Pradesh,Shiksha Daan,Education,2024-08-01,Completed,4.4
BEN0499,Beneficiary 499,23,Male,Odisha,Nari Shakti,Livelihood,2024-05-01,Completed,3.0
BEN0500,Beneficiary 500,20,Female,Odisha,Internship Programme,Education,2025-02-01,Enrolled,3.3
